1,Fred had a red rubber ball. He kickedthe ball. It flew through the air. Hepicked it up. He threw it against a wall.The ball came back to Fred. He kicked itwith his foot again. The ball flew overthe wall. He picked it up again. Hebounced it on the street. The ballbounced up and down. Then it stoppedbouncing up and down. It didn't move.Fred's dog barked at the ball. Fredkicked the ball. His dog ran after theball.
2,"Bobby woke up because he heard adog. He heard a dog barking outside hiswindow. Bobby woke up when he heardthe dog barking. Bobby got out of bed.He got out of bed and walked to thewindow. He looked out the window. Hesaw a big brown dog. It was barkingvery loud. Bobby opened his window.He looked at the barking dog. ""Why areyou barking so loud?"" he asked the dog.The dog looked at Bobby. Then itstopped barking."
3,"Nancy wants to live a long time. Shewants to live for one hundred years. Sheis five years old now. She wants to live95 more years. Then she will be 100.Her father is 30 years old. He wants tolive a long time, too. He wants to live forone hundred years. He wants to live for70 more years. ""Daddy, we will grow oldtogether, okay?"" Nancy said to herfather. ""Yes, honey, we will grow oldtogether,"" he said to Nancy. Then Nancysmiled. She gave her daddy a big hug."
4,"Johnny jumped over the dog. The dogwas lying on the ground. Johnny jumpedover it. The dog saw Johnny jump overit. The dog got up. The dog got up andbarked at Johnny. Johnny laughed. Helaughed while the dog barked. Johnnyran over to the fence. The dog chasedhim to the fence. Johnny jumped overthe fence. He turned around and lookedat the dog. The dog stopped at thefence. The dog could not jump over thefence. Johnny said, ""Jump, jump!"" Thedog barked, but did not jump."
5,"Mary ate a blueberry. She lovedblueberries. Then she ate a blackberry.She loved blackberries. Then she ate astrawberry. She loved strawberries.Mary was confused. A blueberry is blue,so you call it a blueberry. A blackberry isblack, so you call it a blackberry. Astrawberry is red. So, why don't you callit a redberry? Mary asked her mom. Hermom didn't know. She asked her dad.Her dad didn't know. She asked her littlebrother. ""Because a red berry is acherry!"" her brother said."
6,Louis got a new book. The book wasabout animals. Louis loved animals. Thebook had lots of pictures. It had picturesof dogs and cats. It had pictures of cowsand pigs. It had pictures of chickens andrabbits. It had pictures of squirrels andbirds. Louis looked at the pictures on thefirst page. Then he turned the page. Helooked at the pictures on the secondpage. Then he turned the page again.The book had 30 pages in it. Louislooked at all the pictures on all thepages.
7,"Charles found a glass bottle. He foundthe glass bottle in his back yard. It was apretty glass bottle. It was dark green. Helooked inside the dark green bottle. Hecouldn't see anything. He shook thebottle. Something came out of the bottle.It landed on the ground. It was a bug.Charles picked up the bug. He looked atit. The bug looked at Charles. Charlesput the bottle back on the ground. Heput the bug on the ground, next to thebottle. The bug crawled back into thebottle."
8,The baby birds sat in the nest. Therewere two baby birds. They were in thenest. The nest was in the tree. The babybirds were waiting for mama bird. Theywere hungry. When would mama bird beback? Then they saw mama bird. Shelanded on the nest. She had two wormsin her mouth. She gave one worm toeach baby bird. The worms weredelicious. The baby birds ate the wormsvery fast. Then they opened theirmouths. They wanted another worm.Mama bird flew away. She went to getmore worms.
9,"Brenda sang a song. She sang the songwhile she walked to school. The nameof the song was ""Row, Row, Row YourBoat."" Brenda liked to sing this song. Itwas her favorite song to sing. She sangit every day while she walked to school.Sometimes she sang it with her bestfriend. Sometimes her best friendwalked to school with Brenda. Then theyboth sang the song together. Brendaliked the song because it was easy toremember the words. ""Row, row, rowyour boat"" are easy words to remember."
10,"Maria was learning to add numbers. Sheliked to add numbers. It was easy to addnumbers. She could add one and one.She knew that one and one are two.She knew that two and two are four.She knew that three and three are six.But that was it. She didn't know whatfour and four are. She asked her mom.Her mom told her that four and four areeight. ""Oh, now I know,"" Maria said. ""Iam four years old now. In four moreyears, I will be eight."" Maria was a fastlearner. She wasn't a slow learner."
11,Elizabeth washes her hands every day.She likes to wash her hands. Shewashes her hands with soap and water.She uses soap and water to wash herhands. She uses warm water and soap.She washes her hands for 30 seconds.After 30 seconds she stops washing herhands. She turns off the water. Shedries her hands on a clean towel. Everyfew hours she turns on the water andwashes her hands. Elizabeth has veryclean hands. She does not have manygerms on her hands. Germs cannot liveon her clean hands.
12,Daniel wanted to visit a farm. He askedhis parents to take him to a farm. Histeacher told him about the animals on afarm. There are lots of animals on afarm. Daniel wanted to see the animals.He wanted to see the cows. He wantedto see the chickens. He wanted to seethe pigs. He wanted to pet the animals.He wanted to feed the animals. Heloved animals. He wanted to live on afarm. He wanted to live with cows andchickens and pigs. They would be hisfriends. He didn't have any friends inschool.
13,"Barbara likes funny stories. She likes tohear funny stories. She likes to tell funnystories. She told her mom a funny story.When she finished, she waited for hermom to laugh. ""Mom, why aren't youlaughing? That was a funny story,""Barbara said. ""Oh, I'm sorry,"" her momsaid. ""Sometimes you think something isfunny, but someone else thinks it isn'tfunny."" So, Barbara's mom did not laughat Barbara's story. Barbara told thesame story to her younger sister. Heryounger sister laughed at the story."
14,"""Can I ride my horse, Mommy?"" Saraasked her mom. Sara loved to ride herhorse. She rode her horse almost everySaturday. ""Okay, honey, get ready togo,"" her mom said. Sara was happy.She went into her bedroom. She put herpink socks on. She put her pinksneakers on. She grabbed her pink hat.She went to the front door. ""I'm going towait in the car,"" she told her mom.""Okay, I'll be there in a minute,"" hermom said. Sara opened the car door.She sat down in the front seat. She puton her hat. She was excited."
15,Bruce picked up the cat. The catmeowed. The cat didn't like mostpeople. The cat liked to be alone. It likedto sleep on the sofa. It liked to sleep inthe fruit bowl. It liked to sleep on top ofthe TV. It liked to chase bugs in the frontyard. It liked to chase lizards in the backyard. It liked to chase flies in the kitchen.Bruce put the cat on the floor. Herubbed the cat's stomach. The cat likedthat. The cat licked his hand. Brucerubbed the cat's stomach some more.The cat meowed. The cat was happy.
16,Margaret was a small girl. She was alittle girl. All her friends were taller thanher. She was shorter than all herfriends. She wanted to be tall. Her momtold her not to worry. One day Margaretwould be tall. One day she would betaller than her friends. One day all herfriends would be shorter than her. Shewas happy to hear that. She only hadone question for her mom. When wouldshe be taller than her friends? Would itbe next year? She hoped it would benext year. She was tired of being theshortest girl.
17,Sharon jumped into the water at theswimming pool. She held her nose. Shewent under the water. Then she cameback up. She swam to the ladder in thepool. She climbed out of the pool. Shestood at the edge of the pool. She heldher nose. She jumped in again. Sharonliked to jump into the pool. The water feltgood. It was a hot day. The water wascool. The water felt so good. Sharon'smother had brought her to the pool. Hermother was sitting in a chair. She waswatching Sharon. She wanted Sharon tohave fun.
18,"Lulu's mom gave Lulu a pencil. It was ayellow pencil. It was a number twopencil. It had a pink eraser. The eraserwas small and round and pink. Lulu'smom gave Lulu a piece of paper. It wasa white piece of paper. There were bluelines on the white paper. Lulu wrote aletter to her grandma. Her letter said,""Dear Grandma, Hello, I love you."" Lulutold her mom she was done. Her momlooked at the letter. ""This is a shortletter,"" her mom said. Lulu said, ""Yes,Mom, it is a short letter. It is short butsweet."""
19,"Larry has the flu. His nose is running.He coughs a lot. He sneezes a lot.When he coughs, he covers his mouth.When he sneezes, he covers his mouth.When his nose is running, he wipes hisnose with a tissue. Larry's mother istaking care of him. She makes hot soupfor him. She gives him fresh orangejuice. She makes him comfortable in hisbed. She turns on the TV so he canwatch TV in his bed. She turns out thelight so he can sleep in his bed. Shegives him medicine so he will get better.Larry will get better soon."
20,Mark bought a new car last week. He ishappy with his new car. He got a gooddeal on his new car. It was on sale. Hisnew car is green. The four tires areblack. His new car has four doors. It hasone trunk. The spare tire is in the trunk.All new cars have a spare tire. His newcar has one hood. The engine is underthe hood. All new cars have an engine.His new car has two big seats. One seatis in the front. One seat is in the back.Mark sits in the front seat when hedrives his new car. He always buckleshis seat belt.
21,"Dora wanted to buy a card for hermother. Her mother's birthday was nextweek. Dora loved her mom. She wantedto get a nice birthday card. She wanteda card that was pretty. She wanted acard that said the right thing. What wasthe right thing? The card must say, ""Ilove you, Mom."" It must say, ""Mom, youare the best mother in the world."" It mustsay, ""I'm so happy that you are myMom."" Those are all the right things forthe card to say. But there was one morething the card must say. It must say,""Happy Birthday!"""
22,James took the milk out of therefrigerator. He put the carton of milk onthe counter. He took the cap off thecarton of milk. He opened the kitchencabinet. He took a glass out of thecabinet. He put the glass on the counternext to the milk. He poured some milkinto the glass. He put the cap back onthe carton of milk. He put the milk backinto the refrigerator. He took thechocolate syrup out of the refrigerator.He poured some chocolate syrup intothe glass of milk. He stirred the milk witha spoon. He licked the spoon.
23,"Maria is 18. She will go to college inSeptember. She will be a collegestudent in September. But right now it issummer time. It is June. Maria needs ajob. She needs money for college. Sheneeds money to buy books for college.She wants a job. Maria went to arestaurant. ""Can I have a job?"" sheasked. The restaurant manager said,""I'm sorry. I don't need anyone rightnow."" Maria went to a book store. ""Willyou give me a job?"" she asked. Thebook store manager said, ""I'm sorry. Idon't need new workers right now."""
24,Paul has a red bicycle. He loves his redbicycle. He got the red bicycle for hisninth birthday. His parents gave him hisbike when he was nine. He takes care ofhis bike. He puts air in both tires. Heputs air in the front tire. He puts air inthe rear tire. He puts oil on the bikechain. He wipes dirt off the bike with adamp rag. He puts water on the rag andwipes all the dirt away. He rides his bikeeverywhere. He rides it to school. Herides it to the library. He rides it to hisfriend's house. He really loves his bike.
25,"Jeff sat down. He was in class. He wasat school. He was in English class. Heliked his English class. He liked histeacher. His teacher was friendly. Histeacher helped all the students. Histeacher answered everyone's questions.Jeff asked a new question every day.Yesterday he asked his teacher aspelling question. He asked his teacherhow to spell ""myself."" His teacher toldhim how to spell it. Jeff thanked histeacher. His teacher said, ""You'rewelcome. Ask me anything anytime.That's what I'm here for, to help you."""
26,Don has cancer. He is 12 years old. Buthe is lucky. The doctor knows how to fixDon's cancer. The doctor told Don'smom to bring him to the hospital. Don'smom said no. She will let God fix Don'scancer. God will fix Don's cancer. Shedoes not trust the doctor. She doesn'ttrust the hospital. She only trusts God.The doctor said Don will die. He saidDon must come to the hospital. Don'smom ran away. She ran away with Don.The police are looking for Don and hismom. They want to save Don's life. Onlythe doctor can save Don's life.
27,Karen is on the swim team. She is onthe swim team at school. She is a goodswimmer. All the swimmers on the swimteam are good swimmers. She swimsevery day. She goes to the pool afterher last class. Her last class is herEnglish class. After English class shewalks over to the pool. She changes intoher swim suit. She dives into the water.She swims for two hours. Her coachwatches her swim. He gives her advice.He tells her how to swim better. Hercoach is her swim instructor. He is agood instructor. She will win a race oneday.
28,"Herman didn't like his first name. He hadnever liked it. He wanted to change it.He asked his mother. She said it wastoo late to change his name. She saidhe could use his middle name. Shewould call him by his middle name. Sheasked him if that was okay. Herman saidyes. ""From now on,"" he said, ""pleasecall me by my middle name. From nowon, please call me Adam."" His mothersaid that was no problem. ""Goodbye,Herman,"" she said, ""and hello, Adam.""When Adam's father came home fromwork, Adam's mom said, ""Guess what?We have a new son."""
29,William looked at his bowl of soup. Itwas chicken soup. There was white ricein the soup. William liked rice. Therewere pieces of chicken in the soup.William loved chicken. The pieces ofchicken were white. They were smalland square. They weren't big and round.There were pieces of orange carrots inthe soup. William didn't like carrots. Hepicked up a piece of carrot with hisfingers. He put it on the table next to hisbowl. He took all the pieces of carrotsout of the bowl. He put them all on thetable. Then he ate his soup.
30,"Peggy went to church every Sunday.She loved to go to church. At churchshe was with her family and friends. Atchurch she was with the saints. She waswith the angels. And most of all, Peggywas with God. She always talked to Godin church. She always asked God tostop war. She asked God to stop hate.She asked God to stop sickness. Butwar and hate and sickness did not stop.There were war and hate and sicknessevery day. ""Mommy, why doesn't Godstop war and hate and sickness?""Peggy asked. ""God will,"" her mom said,""when more people ask."""
31,"Brian sat down for dinner. He sat downin the chair. He sat down at the table.He looked at his white plate. He lookedat his silver fork. He looked at his silverspoon. His dad said, ""Pass me yourplate, Brian."" His dad put white rice onthe plate. His dad put yellow corn on theplate. His dad put green peas on theplate. He gave the plate back to Brian.""This looks delicious,"" Brian said. ""It isdelicious,"" his dad said. Brian wonderedwhy corn was yellow. He wondered whypeas were green. He wondered if therewere yellow peas and green corn."
32,"Patty got a doll for Christmas. It is herfavorite doll. It is a rag doll. It has ayellow dress. It has a blue blouse. Thename of the doll is Molly. Molly hasbright red hair. She has red lips. Shehas blue eyes. She has a pink ribbon inher hair. Molly is wearing red shoes.She's wearing white socks. Molly has apurse. Her purse is pink. The purse isempty. There is nothing in the purse.There was a little mirror in the purse.But Patty lost the mirror. When she lostthe mirror, she said, ""I'm sorry, Molly. Iwill get you another mirror."""
33,Anthony went to the book store. Hewanted to buy a book. He wanted to buya book about bugs. He liked bugs. Hepicked up bugs in his yard. He tookthem to school. He showed the bugs tohis teacher. His teacher told him thename of each bug. Then Anthony tookthe bugs home. He showed them to hisparents. His mom told him to take thebugs out of the house. His dad liked tosee the bugs. He said Anthony did agood job. He gave Anthony money tobuy a book. So Anthony took the moneyto the book store. He looked for a bookwith lots of pictures of bugs.
34,"Sharon was five years old. Her bestfriend was Pam. They played gamestogether. They played all kinds ofgames. They had fun together. But oneday Pam pushed Sharon. ""Why did youpush me?"" Sharon asked. ""Because,""Pam said. Sharon told Pam not to pushher again. So, Pam pushed Sharonagain. Sharon pushed Pam back. ThenPam pulled Sharon's hair. Then Sharonpulled Pam's hair. Both of them startedcrying. Sharon's mom came into theroom. She told Pam to go home. Pamran out of the house. ""Sharon, you can'tplay with Pam anymore,"" Sharon'smother said."
35,"The cat was not moving. It was lying inthe grass. The cat was black and white.It was a pretty black and white cat. Itwas cold outside. The cat was lying onits stomach. It was dark outside. Theporch light shined on the cat. The catlooked at Sissy. ""Mom, can I have thecat?"" she asked her mom. Her momcame outside on the porch. She lookedat the cat. ""That is a pretty cat,"" hermom said. ""Can I have it?"" Sissy asked.Her mom said no. Maybe the catbelonged to another family. Maybe thecat was wild. If it was wild, it might biteSissy."
36,"Tom was bored. He didn't have anythingto do. He wasn't interested in doinganything. He didn't want to watch TV.Tom didn't want to listen to the radio. Hedidn't want to play sports. He didn't wantto use the computer. He didn't want toread books. ""I'm bored,"" Tom said.""What can I do? I want to do somethinginteresting."" Tom's father had an idea. ""Ihave an idea,"" his father said. ""Whydon't you collect coins? Coins are fun tocollect. And coins are everywhere. Yousee coins every day. Some coins arevaluable. They will make you rich."""
37,"TeacherAndrew was in the third grade. He lovedhis teacher. His teacher was young. Shewas pretty. She was friendly. Shehelped Andrew add numbers. Shehelped Andrew draw dogs and cats. Shehelped Andrew learn to spell. Andrewgave his teacher an apple one day. Hegave her an orange another day. Hegave her a peach another day. Histeacher thanked him. ""Thank you for theapple,"" she said the first day. ""Thankyou for the orange,"" she said the secondday. ""Thank you for the peach,"" she saidthe third day. Each day Andrew said,""You're very welcome."""
38,"Billy always listens to his mother. Healways does what she says. If hismother says, ""Brush your teeth,"" Billybrushes his teeth. If his mother says,""Go to bed,"" Billy goes to bed. Billy is avery good boy. A good boy listens to hismother. His mother doesn't have to askhim again. She asks him to dosomething one time, and she doesn'task again. Billy is a good boy. He doeswhat his mother asks the first time. Shedoesn't have to ask again. She tellsBilly, ""You are my best child."" Of courseBilly is her best child. Billy is her onlychild."
39,"Joseph never opens the front door.When someone knocks on the frontdoor, Joseph says, ""Who is it?"" But hedoes not open the door. His parents toldhim to keep the door closed. His parentswant him to be safe. He will be safe if hedoesn't open the door. Yesterdaysomeone knocked on the front door.""Who is it?"" Joseph asked. ""It's themailman,"" the person said. ""I cannotopen the door,"" Joseph said. ""Okay, Iwill come back tomorrow,"" the mailmansaid. ""Goodbye,"" Joseph said. Joseph isa good boy. He listens to his parents.He doesn't open the door for anyperson."
40,"He looked at the rising moon. It wasrising above the houses. It was big andorange. It looked bigger than the risingsun. How could it be so big? How couldit be so orange? Several hours later, helooked at the moon again. Now it washigh in the sky. Now it was smaller. Itwasn't orange anymore. Now it waswhite. What happened? It changed size.It changed color. Before, it was big andorange. It was like a big pumpkin. Now,it was smaller and white. It was like alight bulb. But it was still pretty. It wasstill bright. It was the brightest light inthe sky."
41,"Kathy finished her sandwich. She had achicken sandwich for lunch. She got upfrom her chair. She took her plate to thekitchen sink. She put the plate in thesink. She turned on the cold waterfaucet. She rinsed the plate. She pickedup a paper towel. She wiped the platedry. She put the plate on the counter.Her mother walked into the room. ""Didyou wash that plate with soap?"" sheasked Kathy. Kathy said no. ""I couldn'tfind the soap,"" she said. Her mom said,""What's this right next to the cold waterfaucet?"" Kathy said, ""Soap."" Her momtold her to wash the plate again."
42,"Door?Dotty looked at the door. It was a closetdoor. The door had a silver handle. Thesilver handle was round. The round,silver handle was a doorknob. One dayshe tried to turn the doorknob. She triedto open the closet door. But thedoorknob didn't turn. She couldn't openthe closet door. The closet door wouldn'topen. The door was locked. ""Why is thedoor locked?"" Dotty asked her mom.Her mom said it was locked for hersafety. ""What's behind the door?"" sheasked her mom. Her mom said a riflewas behind the locked door. Daddy kepta rifle in the closet."
43,"Alice told her son Jesse to go to hisroom. He didn't want to go to his room.""Why do I have to go to my room?"" hesaid. ""You were a bad boy,"" she said.""You hit your sister."" He said, ""No, Ididn't. She hit me first."" Alice said, ""Butyou shouldn't hit your sister, even if shehits you first. She is younger than youare. And she's a little girl. Boys shouldnever hit little girls."" Jesse said, ""Okay, Iwon't ever hit little girls again. Now do Ihave to go to my room?"" Alice said yes,he still had to go to his room. ""Whenshe's a big girl, I'm going to hit heragain,"" he said."
44,"It was Jenny's fourth birthday. She wasfour years old. Her mom baked a cakefor her. Her mom baked a chocolatecake for her. The cake had two layers.Her mom put vanilla frosting on thebottom layer. Her mom put vanillafrosting on the top layer. Her mom putvanilla frosting all around the cake. Nowthe chocolate cake was completelywhite. Her mom put four pink candles ontop of the cake. Her dad lit the four pinkcandles. The four pink candles were lit.Jenny's mom and dad sat down next toJenny. They sang Happy Birthday toher. ""Happy birthday to you,"" they sang.Jenny sang with her mom and dad.""Happy birthday to me,"" she sang. Hermom said, ""Now make a wish and blowout the candles."" Jenny made a wish.Then she blew out all four pink candles."
45,"Dorothy will be ten years old nextmonth. She is excited. Ten years old isvery old. She will not be a little kidanymore. A nine-year-old kid is just alittle kid. A ten-year-old kid is almost anadult. Nine is only one number, but 10 istwo numbers. Nine is a little kid number,but 10 is an adult number. When she isten, she will be an adult almost. She willbe a young woman. She will wearlipstick. She will wear nail polish. Shewill have a boyfriend. He will behandsome and polite. He will opendoors for her. He will buy her birthdaypresents. Dorothy can't wait until nextmonth."
46,"David lost his yellow pencil. He couldnot find it. ""Where is my yellow pencil?""he asked his sister. His sister did notknow. ""I don't know where your pencilis,"" she said. David thought about it. Hethought and thought. He used his yellowpencil before lunch. He used it to write anote to his teacher. The note said, ""Dearteacher, Thank you for helping me.David."" He put the note in an envelope.Where was the envelope? He looked inthe kitchen. He looked on the kitchencounter. He found the envelope. It wasnext to the toaster. He found the pencil.It was under the toaster."
47,She liked to feed popcorn to thepigeons. The pigeons liked to eat herpopcorn. She put popcorn in her hand.A pigeon ate the popcorn in her hand.She put popcorn on her shoulder. Apigeon ate the popcorn on her shoulder.She put popcorn in her hair. A pigeonate the popcorn in her hair. She satdown on a bench. It was a woodenbench in the park. She put popcorn allover the bench. She put popcorn allover her clothes. She put popcorn onher head. She put popcorn on her lap.Many pigeons landed on the bench.Many pigeons landed on her. Nobodycould see her. Nobody could see thebench.
48,"A baby has arms and legs. It has amouth and eyes. It looks at everything. Iteats everything. It smiles a lot. It cries alot. It eats a lot. It drools a lot. It pees alot. It poops a lot. It sleeps a lot. It triesto talk. It makes funny sounds. It says""Googoo"" and ""Gaga."" It waves its armsand legs. It doesn't do much else. Itdoesn't sit up. It doesn't stand up. Itdoesn't talk. It lies on its back. It lies onits stomach. After a year, it will do manythings. It will crawl. It will stand up. It willwalk. It will talk. But in the beginning, itjust grows. It grows bigger and bigger."
49,He looked at the bird. It was a blackbird.It was walking on the grass. It waslooking for food. Birds have a funnywalk. Why do they walk so funny?Because they don't have arms. Armshelp people walk. People walk well.Birds don't have arms. They don't walkwell. They look funny when they walk.Birds have wings. Wings help birds fly.They use their wings to fly. They fly verywell. They are beautiful to watch whenthey fly. They belong in the sky. Theydon't belong on the ground. Theblackbird found something to eat. It flewup into a tree. It ate the food in the tree.Then it flew away.
50,"Lucy had a cat. His name was Pirate.Pirate was 14 years old. Fourteen is oldfor a cat. ""What can I do?"" Lucy askedher dad. ""Pirate is old. He will die soon. Iwill miss him so much."" Dad said, ""Whydon't you clone him? They will make abrand new Pirate for you. It will look likePirate. It will walk like Pirate. It willmeow like Pirate. It will love you likePirate. But it will be a kitten. It won't bean old cat. It will be a new kitten. Youcan have a new Pirate for 14 moreyears."" ""Dad,"" said Lucy, ""that's a greatidea. Then, when my new Pirate is 14, Ican get another new Pirate!"""
51,"She went to the circus with her parents.She was excited. She had never been toa circus. There were many clowns at thecircus. She liked the clowns. They hadfunny faces. They had big, red noses.They wore funny hats. They wore bigshoes. Their shoes were much biggerthan her dad's shoes. They were twiceas big as her dad's shoes. The clownshad loud horns. They honked their hornsat each other. They didn't talk. Theyused their horns to talk. Honk, honk!She laughed at the clowns. They wereso funny. They made her laugh. Shetold her dad, ""Daddy, guess what?When I grow up, I'm going to be aclown!"""
52,"Don had a pistol. It was a small pistol.He offered it to his brother Tony. Tonylooked at the pistol. It was a beautifulpistol. It was black. It had a silvertrigger. Tony put his finger on the silvertrigger. He put the pistol in his pocket.He took it out of his pocket. He walkedoutside. He saw a bird on a wire. Heaimed the pistol at the bird. He pulledthe trigger. He said, ""If the gun wasloaded, I would have killed the bird.""Don said, ""I'm glad it wasn't loaded. Youshouldn't kill birds."" Tony thanked Donfor the pistol. ""I like this pistol. Thankyou,"" Tony said. He took the pistol homewith him."
53,"The fox was brown. The fox was quick.The dog was brown. The dog was lazy.""You are a lazy dog,"" said the fox. ""Yes,I am a lazy dog,"" said the dog. ""Why areyou a lazy dog?"" asked the fox. ""Whynot?"" asked the dog. ""My owner feedsme. My owner takes me out for walks.My owner loves me. I eat. I go out forwalks. I sleep. I'm a lazy, happy dog.""""But don't you have any ambition?""asked the fox. ""Ambition? Ambition to dowhat? I'm just a dog,"" said the dog.""Lassie was a dog. She saved people'slives,"" said the fox. ""I'm too lazy to savepeople's lives,"" said the dog. ""Let Lassiesave people's lives."""
54,"He played the piano. He played it verywell. He started playing the piano whenhe was six years old. That was sevenyears ago. Now he was 13 years old. Hewas very good. He won one pianocontest after another. A famous pianoteacher heard him play the piano. Theteacher said, ""I want to bring you to NewYork. I will teach you how to be evenbetter. I will teach you how to be thebest piano player in the whole world.""He didn't like that idea. He wanted tostay at home. He wanted to stay with hisparents and his friends. His parentswanted him to go. They said they wouldvisit him in New York every weekend."
55,"MoonShe looked at the moon. It was big. Itwas round. It was white. It was big andround and white. It was much biggerthan all the stars. The stars were littlelights. The moon was a big, bright light.She looked around. She could see otherhouses. She could see the sidewalk.She could see the street. The moon wasbright. It was not as bright as the sun.But it was much brighter than the stars.She looked at the moon. Her dad saidthere is a man in the moon. She lookedfor the man in the moon. She looked forhis eyes. She looked for his nose. Shelooked for his mouth. She did not seethe man in the moon."
56,She was a babysitter in her home. Shetook care of 10 little children. They werenot her little children. They were thesons and daughters of other people.She did not have a son. She did nothave a daughter. She was not a mother.She was a babysitter. The children were1 to 4 years old. She babysat them all.She kept them in her house all day.They all stayed in her living room. Shegave them toys to play with. She gavethem books to look at. She gave thempillows and blankets. Some kids playedwith the toys. Some kids looked at thebooks. Some kids slept. She usuallydidn't watch the kids. She usuallywatched the TV.
57,"It was a new pet store. Brian walked intothe new pet store. He said hello to Paul,the owner. Paul said hello to Brian.Brian said, ""This is a clean pet store.This is a quiet pet store. This pet storedoesn't smell."" Brian looked around thestore. Brian walked around the store. Hedidn't see any pets. He didn't see onepet. ""Where are the pets?"" he asked.""The pets are right here,"" said Paul.Paul opened a catalog. The catalog wasfull of pictures. It was full of pictures ofpets. ""Just pick any pet you like,"" saidPaul. ""We will mail it to you."" ""What if Idon't like it?"" asked Brian. ""Just mail itback,"" said Paul."
58,"Betty was excited. It was December 1.Christmas Day was only 24 days away.She was looking at a magazine. It was amagazine for little girls. There weremany pictures in the magazine. Therewere many pictures of dolls. The dollswere from many countries. There weredolls from Mexico. There were dollsfrom China. There were dolls fromFrance. There were dolls fromeverywhere. There were so many dolls.She showed the pictures to her mom.""Mommy, will Santa bring me all thesedolls?"" she asked. ""No, honey,"" hermom said, ""Santa will bring you only onedoll. So pick the one you like best."" ""But,Mommy,"" she said, ""I like them ALL thebest."""
59,"His dad was reading one section of thenewspaper. His mom was readinganother section of the newspaper. Hisolder sister was reading another sectionof the newspaper. He had the comicssection of the newspaper. That was thebest part of the newspaper. He didn'tunderstand the words. He wasn't able toread. But he liked the comics. He likedthe drawings. They were all different. Allthe animals were different. All thepeople were different. All the drawingswere black and white. He colored thedrawings with his crayons. He showedthe colored drawings to his mom. Sheliked them. ""Those are beautiful colors,""his mom said. ""Someday you will be afamous painter."""
60,Dad took his son Chris to the baseballgame. The Los Angeles Dodgers wereplaying the San Francisco Giants. TheDodgers were the home team. TheGiants were the visiting team. Dad andChris walked into Dodger Stadium.Many people were there. Most of themwanted to see the Dodgers win. Theywanted to see the Giants lose. Dad andChris found their seats. They sat down.The game had already started. Christold his dad he was hungry. His dadbought two bags of peanuts for Chris.He bought two hot dogs for Chris. Hebought a big soda for Chris. A foul ballcame their way. People dived for thefoul ball. They knocked Chris's sodaover. His dad bought him another soda.
61,Nancy took her daughter Donna to thepark. The park had lots of trees. It hadlots of squirrels and birds. The squirrelsran up and down the trees. The squirrelschased one another. The squirrelsplayed with one another. The birds flewaround. They flew down to the ground.They flew up into the trees. Thesquirrels and birds were goodneighbors. Nancy sat down on a bench.She took a magazine out of her purse.She turned the pages of the magazine.Donna ran over to a squirrel. She triedto catch the squirrel. Then she tried tocatch a bird. Donna chased the squirrelsand birds. She never caught onesquirrel. She never caught one bird. Butshe had a lot of fun.
62,"They drove to the park. They got in line.Many cars were in front of them. Theyshould have gotten up earlier. ""Weshould have gotten up earlier,"" saidMom. ""I know,"" said Dad. ""We shouldnot have slept in."" ""I know,"" said Mom.""But sometimes it's nice to sleep in,especially on the weekend. Weekendsare for sleeping in."" The line movedslowly. Finally they were at the front ofthe line. ""I'm sorry,"" said the parkranger. ""We're closed."" ""What?"" saidDad. ""It's not even noon. How can yoube closed?"" The ranger said the parkinglot was full. There was no place to park.He said to come back tomorrow. ""Don'tsleep in,"" said the ranger. ""The earlybird gets the worm."""
63,"Debby was in the first grade. Herbrother Tommy was in the secondgrade. They lived in Florida. They livedin a small town in Florida. They walkedto school in the morning. They walkedhome from school in the afternoon. OnMonday Debby and Tommy werewalking home. They were walking with acouple of Tommy's friends. Tommy toldhis friends that Debby still sucked herthumb. ""She still sucks her thumb,"" hesaid. His friends laughed. Debby startedto cry. She ran away from Tommy andhis friends. When Tommy got home, hismom asked, ""Where's Debby?"" Tommysaid he didn't know. He thought she wasalready home. ""No, she's not home,"" hismom said. She called the neighbors.Then she called the police."
64,The mother gave her baby a red apple.The baby tried to eat the apple. Hismouth was too small. And he didn't haveany teeth. His brother took the apple.His brother ate the apple. The babycried. His brother gave the baby a blueball to play with. The baby smiled. Hisbrother took the ball from the baby. Herolled the ball on the floor. The brownand white dog picked up the ball. Thedog chewed on the ball. The baby criedagain. His brother picked up the cat. Heput the cat on the bed with the baby.The baby pulled the cat's tail. The catjumped off the bed. The dog chased thecat. The baby cried again. His brotherlet the baby hold a sock. The babyplayed with the sock. The baby washappy.
65,"The boy opened a jar of peanut butter.He spread the peanut butter onto a sliceof bread. Then he opened therefrigerator and took out a jar of grapejelly. He spread the jelly on top of thepeanut butter. He put the jar back intothe refrigerator. He put another slice ofbread on top of the peanut butter andgrape jelly. Now he had a sandwich. Heopened the refrigerator again. Hepoured himself a big glass of milk, andput the milk back into the refrigerator.He put the sandwich on a plate. Hecarried the plate and the glass of milkover to the dining room table. He satdown. He turned on the TV and took abig bite out of his sandwich."
67,I love my mom. She took care of mewhen I was very young. She took careof me when I was sick. She taught mehow to read. She taught me how to getdressed. She taught me how to buttonmy shirt. She taught me how to tie myshoes. She taught me how to brush myteeth. She taught me to be kind toothers. She taught me to tell the truth.She taught me to be polite. She took meto school on my first day of school. Sheheld my hand. She helped me with myhomework. She was nice to all myfriends. She always cheered me up.Next year I will graduate from highschool. I will go to college. I will do wellin college. I will do well after college. Mymom has taught me well.
68,"Jenny went to the lake. She went to thelake with her dad. It was a big lake. Itwas a big, blue lake. It had a lot of waterin it. It had a lot of fish in it. Big fish werein the lake. Little fish were in the lake.Jenny didn't see any fish. ""I don't seeany fish. Where are the fish, Daddy?""she asked. ""They're swimming around.They're looking for food,"" her dad said.Dad put a worm on a hook. ""Does thehook hurt the worm?"" Jenny asked. ""No,the hook doesn't hurt the worm,"" herdad said. ""How do you know?"" sheasked. ""How do I know?"" her dad asked.""Well, the worm doesn't say anything.So I guess the hook doesn't hurt it.""Jenny said, ""But how can the worm sayanything, Daddy? The worm can't talk!"""
69,"Lisa liked to visit her friends. All herfriends had pets. Her friends had dogs.Her friends had cats. Her friends hadbirds. Lisa didn't have any pets. Shedidn't have a dog. She didn't have a cat.She didn't have a bird. ""Can I have adog, Daddy?"" Lisa asked. Daddy saidno. He said a dog barked too much.""Can I have a cat, Daddy?"" Lisa asked.Daddy said no. He said a cat meowedtoo much. ""Can I have a bird, Daddy?""Lisa asked. Daddy said no. He said abird sang too much. ""All my friends havepets. Can't I have just one pet?"" sheasked. ""Okay,"" Daddy said. ""But it mustbe a quiet pet. I'll buy you a quiet pet.""He went to the pet store. He bought apet. He gave Lisa her new pet. ""Daddy,it's a goldfish!"" Lisa said."
70,"It was the first day of school. Pete wasin the first grade. He got on the schoolbus. It was a big yellow school bus. Hedid not know the kids on the bus. Thekids on the bus did not know him. Manykids were talking. They were talking withone another. Pete sat in a seat byhimself. He sat alone. He looked out thewindow. His mom was standing outsidethe window. He waved goodbye to hismom. She waved goodbye to him. Thebus took off. The bus was going toschool. Another boy sat down next toPete. He said hello to Pete. Pete saidhello to him. The boy's name was Eddie.He was in the first grade. He said hewas a new student. He didn't knowanyone. Pete said he was a newstudent, too. He didn't know anyone,either."
71,"Chuck wanted to go to the park afterdinner. His mom wanted him to stayhome after dinner. She didn't want himto go to the park. She said it was dark atthe park. But Chuck said it wasn't darkat the park. ""There are lights at the park,Mom,"" he said. But she said there wereonly a few lights at the park. She saidthere were many dark places in thepark. ""Bad people go to the park atnight,"" she said. ""Bad people do badthings. They do bad things to goodpeople. You are a good person. I don'twant something bad to happen to you.""Chuck said, ""Nothing bad will happen tome. I will go with my two friends. We willbe together. All three of us will betogether. We will stay away from thedark places. We will stay under thelights."""
72,"The children were hungry. They lookedout the window. Where was theirmother? She walked into the house. Thechildren ran over to her. ""Mama, we'reso hungry,"" they both said. She saidlunch was coming. She walked into thekitchen. She opened a can of chickensoup. She poured the soup into a pot.She added water. She put the pot on thestove. She made two peanut butter andjelly sandwiches. She sliced an apple.The soup was hot. She poured it intotwo bowls. She put the sandwiches ontwo plates. She put apple slices on eachplate. She put the bowls and plates onthe table. The children ran to the table.""Thank you, mommy!"" they said. Thenthey started eating. The cat and the dogwatched them eat."
73,The baby was lying on her back. A bluebird flew in through the window. Theblue bird had blue eyes. It sat on thebaby's crib. The bird had a bell aroundits neck. The bell rang. The baby smiled.The baby reached for the bell. The birdshook its head. The bell fell off the bird'sneck. It fell next to the baby. The babypicked up the bell. The baby rang thebell. Another blue bird flew in throughthe window. This blue bird also had blueeyes. The baby had brown eyes. Thebirds looked at the baby. The babylooked at the birds. The baby rang thebell again. Both birds flew away. Thebaby started to cry. His mama came intothe room. The baby smiled. Mama sawthe bell. She asked the baby where thebell came from. The baby pointed at thewindow.
74,"It was Emily's 10th birthday. She was 10years old. She was so happy. ""I'm sohappy,"" she said. ""I'm finally 10. Ten istwo numbers. Ten is an adult number.Ten is a grown-up number. I'm an adultnow. I'm a grown-up. I used to be nine.Nine is a kid number. Nine is for kids.I'm not a kid anymore."" Her sister Irenesaid, ""Of course you're still a kid.Teenagers are kids. You're not even ateenager yet. You're in fifth grade. Fifthgrade is for kids. Twelfth grade is forkids, too. When you are 18, you will bein twelfth grade. You will still be a kid.You will be a kid for eight more years.""Emily said, ""No, you're a kid. You're onlyseven. Seven is a kid."" Irene said shewasn't seven. She said she was sevenand a half."
75,"""Annie, set the table, please,"" said Mom.""It's time for dinner."" Annie said it wasn'ther week to set the table. It was herweek to clear the table. She said it wasLisa's week to set the table. Lisa was inthe living room. Lisa was playing withthe dog in the living room. Lisa washaving fun with the dog. ""Lisa,"" Momsaid, ""come here and set the table. It'sdinner time."" Lisa said it wasn't her weekto set the table. It was Mark's week toset the table. It was Lisa's week to feedthe dog. ""Where is Mark?"" Mom asked.Lisa said, ""He's riding his bike."" Markwas outside riding his bike. Mom askedAnnie, ""Do you want extra desserttonight?"" Annie said yes. ""What do Ihave to do?"" she asked. Her mom saidall she had to do was set the table."
76,"Front?The boys were going to the beach. Dadwas going to drive them to the beach.The drive to the beach would take anhour. Dave and Dick loved the beach.They also loved the drive to the beach.They loved to look out the window. Theyloved to stick their heads and arms outthe window and feel the breeze. Theyalso loved to be in the front seat. Theyboth preferred the front seat. They bothhated the back seat. ""Let's go, boys,""Dad said. ""Let's go to the beach."" Bothboys ran out of the house. They ranstraight to the front door of the car. Davegot there first. Dick got there second.Dave pulled the door open. Dick fell tothe ground. Dave got into the front seatand shut the door. ""Guess what? Youcan sit in the back seat,"" he said to Dick."
77,"""Tommy, the dog is scratching at thedoor,"" his mom yelled. ""Take him for awalk. Make sure you take a plastic bagwith you."" Tommy said he didn't hearthe dog scratching. He said the dog didnot need to go for a walk. He said therewere no plastic bags in the house. Hismom said, ""Take the dog for a walk rightnow, please."" Tommy got the dog leash,a plastic bag, and a little plastic shovel.""How can I finish my homework when Ihave to walk the dog?"" he asked hismom. ""You can finish your homeworkwhen you get back,"" his mom said. Heput the leash around the dog's neck andwalked outside. It was cold outside. Thedog walked to a tree. It pooped. Tommyput the poop into the plastic bag. ""Yuck,""he said. ""This is worse than doinghomework."""
78,"Mama was in the garden. ""What are youdoing?"" Johnny asked. She said shewas planting roses. Roses are flowers.They are very pretty. They are usuallyred. Roses have thorns. His mama said,""Thorns will stick you. Be careful aroundthorns."" Johnny went to the front yard.His dog Rex was waiting for him.Johnny picked up a stick and threw it.Rex chased the stick. He brought thestick back. Johnny ran around thehouse. Rex chased him. Johnny ranthrough the garden. Rex ran through thegarden. Mom yelled at Johnny and Rex.She told them to play somewhere else.She told them to stay out of the garden.Johnny apologized to his mom. He wentto the garage and got his bike. He wentfor a bike ride. Rex ran next to the bike."
79,"Lulu couldn't find her favorite book. Herfavorite book was about a cat. Thename of the cat was Meow. The nameof the book was ""How Is Meow?"" Luluasked her mom, ""Mommy, where is myMeow book? Where is ‘How Is Meow?'”Her mom didn't know. ""Where did youleave it? Do you remember where youleft it?"" Lulu didn't remember. ""I don'tremember,"" she said. They looked in thekitchen. They looked in the living room.They looked in the bedroom. Theycouldn't find her favorite book. Thatnight Lulu got ready for bed. Shebrushed her teeth. She put on herpajamas. She got into bed. She put herhand under her pillow. She feltsomething under her pillow. ""Mommy,""she yelled. ""I found my book. I found‘How Is Meow?'"" It was under my pillow.Come read it to me, please."""
80,"Jimmy wanted to cross the street. Hewas on the south side of the street. Hewanted to get to the north side of thestreet. He was in the middle of theblock. His father always told him tocross at an intersection. His fatheralways said never cross in the middle ofthe block. Jimmy walked to theintersection. There was a traffic light atthe intersection. It had three colors--red,green, and yellow. Red was at the top.Green was at the bottom. Yellow was inthe middle. He looked at the crosswalksign. It was red. It was a red hand. Thered hand meant Don't Walk. He waitedfor the red hand to change. It changedto a white figure walking. The whitefigure walking meant Walk. Jimmylooked both ways. Then he walkedacross the street. He walked in thecrosswalk."
81,The black cat jumped up onto the chair.It looked down at the white dog. Thedog was chewing on a bone. The catjumped onto the dog. The dog keptchewing the bone. The cat played withthe dog's tail. The dog kept chewing thebone. The cat jumped back onto thechair. It started licking its paws. The dogstood up. It looked at the cat. It lickedthe cat's fur. The cat licked the dog'snose. The dog went back to its bone. Aboy ran through the room. He waswearing a yellow shirt. He almost raninto the chair. The cat jumped off thechair. The cat jumped onto the sofa. Thechair fell onto the floor next to the dog.The dog stopped chewing the bone. Thedog chased the boy. The boy ran out tothe street. He threw a stick. The dogchased the stick. The dog lay down. Itchewed on the stick.
82,"SquirrelEvelyn had a cat. Her cat's name wasRed. Red was a red cat. Red liked tochase things. He chased balls. Hechased butterflies. He chased squirrels.Evelyn had a yard. A tree was in themiddle of her yard. A squirrel lived in thetree. Red climbed the tree. He saw thesquirrel. The squirrel saw Red. Thesquirrel raised its tail. It chattered atRed. It said, ""Click, click, click."" It toldRed to go away. ""This is my tree,"" thesquirrel said. ""Get out of my tree."" Reddidn't understand the squirrel. Red didn'tspeak ""squirrel."" Red was a cat. Hespoke ""cat."" Red said, ""Meow, meow,meow."" He said, ""Let's play. I will chaseyou. Then you will chase me."" Thesquirrel chattered some more. ""Leaveme alone, you crazy cat. Go play withthe other cats,"" it said."
83,"The baby bear followed his mama.Mama bear walked through the woods.She was looking for berries to eat. Shefound some black berries. She startedeating them. The baby started eatingthem, too. They ate all the berries. Babybear was full. Mama bear was stillhungry. She started walking again. Shewanted to find more berries to eat. Babybear lay down. He was full. He wantedto take a nap. But mama bear cameback. She growled at baby bear. Heunderstood mama's growl. When mamagrowled, he obeyed. He got up andfollowed his mama. Someday he wouldtake a nap after a meal. A squirrel ranup a tree with a nut. It dropped the nutand ran back down to the ground. Itpicked up the nut and looked at babybear. Then it ran back up the tree. Babybear did not like nuts. They were toohard to open."
84,"Mom took Carol to the stable. Theirhorse was in the stable. They walkedover to Sugar. Sugar was their horse.""Say hello to Sugar,"" Mom said. Carolsaid, ""Hello, Sugar."" Mom gave a carrotto Sugar. Sugar ate the carrot. He atethe carrot fast. Mom gave a carrot toCarol. Mom said, ""Now, you feedSugar."" Carol gave the carrot to Sugar.Sugar ate the carrot. ""He ate it so fast,""said Carol. Mom said, ""Yes, Sugar eatscarrots very fast."" Carol said, ""Weshould give him a new name. We shouldcall him Carrot. Why is his nameSugar?"" Mom said, ""He likes sugar, too.Watch this."" Mom took some sugarcubes out of her pocket. She held themin her hand. She gave them to Sugar.Sugar ate the sugar cubes. He ate themfast. ""Let me give some sugar to Sugar,""Carol said."
85,"It was Ellen's 12th birthday. Ellen was12 years old. Her mom took hershopping. They went shopping at themall. ""You can pick out a dress. You canpick out a pretty dress,"" Mom said. ""I willpick out a pretty, blue dress,"" Ellen said.They went into JC Penney. JC Penneysells lots of dresses. Ellen saw a bluedress that she liked. ""I like that dress,Mom,"" she said. She took the dress intothe dressing room. She put on thedress. It fit her well. She walked out ofthe dressing room. ""The dress fits youwell,"" said Mom. ""Can I have it?"" Ellenasked. ""Of course you can have it, dear.It's your birthday present,"" said Mom.""But it's not on sale,"" said Ellen. ""Wealways buy everything on sale."" ""It'syour birthday, dear. On your birthday,we can pay full price,"" said Mom."
86,Mommy SaysDon't wipe your nose on your sleeve.Don't pick your nose. Don't interrupt me.Don't talk with food in your mouth. Don'tgo swimming right after eating. Don'tforget to feed the dog. Don't forget totake the dog for a walk. Don't hit yoursister. Don't make your brother cry.Don't chew with your mouth open. Don'tmake fun of other people. Don't slam thedoor. Don't play in the street. Don't belate. Don't bother me now. Don't shout.Don't yell. Don't scream. Don't litter.Don't be rude. Don't drop out of school.Don't talk while you eat. Don't make amess. Don't talk so loud. Don't fight withyour brother. Don't worry. Don't give up.Don't eat that. Don't talk to strangers.Don't play with matches. Don't play withfire.
87,"Sun""How far away is the moon?"" Chrisasked his dad. His dad said that was agood question. He said the moon wasnot as far away as the sun. ""How faraway is the sun?"" Chris asked. His dadsaid that was a good question. He saidthe sun was farther away than themoon. ""Did you have to learn this inschool?"" Chris asked. Dad said, ""Yes, Ihad to learn this in school."" Chris asked,""But you forgot it?"" Dad said, ""Yes, Iforgot it."" Chris asked, ""Why did youforget it?"" Dad said, ""I forgot it becauseit isn't important."" Chris asked, ""If it isn'timportant, why are we learning it?"" Hisdad said that was a good question. Hesaid, ""You're learning it because yourteacher thinks it's important."" Chrisasked, ""Can't you call my teacher? Can'tyou tell her that this isn't important?"""
88,"""Eat your vegetables, Mikey,"" Mom said.""I am eating my vegetables,"" Mikey said.He was eating the sliced carrots. Hewas eating the sliced carrots one byone. He was eating them one at a time.He picked up one sliced carrot with hisfork. He looked at it. He slowly put it inhis mouth. He slowly chewed it. Finally,he swallowed it. Then he drank somewater. Then he picked up another slicedcarrot with his fork. Mom watched him.""Why do you hate vegetables, Mikey?""He said, ""I don't hate vegetables. I hatecarrots."" ""Why do you hate carrots?""Mom asked. ""Because they don't tastegood,"" Mikey said. ""But they are goodfor you,"" Mom said. ""They are good foryour eyes. They help you to see well.Don't you want to see well?"" ""Not if Ihave to see carrots,"" Mikey said."
89,The mailman put the mail in the mailbox.Dad went outside. He said hello to themailman. The mailman said hello. Dadopened the mailbox and took out amagazine and two letters. One letterwas from his sister. The other letter wasfrom his brother. The magazine was forhis wife. It was a garden magazine. Hiswife liked to work in the garden. Shegrew flowers and vegetables in thegarden. Dad went back into the house.He opened both letters. His sister invitedhim to a birthday party. His brotherinvited him to a wedding. Dad enjoyedreading the letters. He enjoyed gettingthe invitations. He picked up the phone.He left a message for his sister. Hewould come to the birthday party. Healso called his brother. He said he wouldcome to the wedding.
90,"HeavenAdam was doing his homework. Hestopped doing his homework. He wasbored. He didn't like homework. ""Dad,what happens when we die?"" Adamasked. ""You will go to heaven,"" Dadsaid. ""Does everyone go to heaven?""Adam asked. ""No, only good people goto heaven,"" Dad said. ""What is heavenlike?"" Adam asked. ""It is a happy place,""Dad said. ""Everyone is happy. Everyoneis your friend. Everyone likes you. Youlike everyone."" He told Adam to bepolite. He told Adam to be honest. ""Ifyou are polite and honest, you will go toheaven,"" Dad said. Adam said, ""I wantto go to heaven. I will be polite andhonest."" Dad said there was one morething. Adam had to do one more thing togo to heaven. ""What's that?"" Adamasked. ""If you want to go to heaven, youhave to do your homework,"" Dad said."
91,"Jerry was looking at a map. It was amap of the world. The map showedmany countries. It showed all thecountries in the world. All the countrieswere different colors. There were redcountries, green countries, and bluecountries. Jerry pointed at one country.""Daddy, why is this country red? Is it onfire? Did someone paint the ground red?Does it have a lot of tomatoes?"" Jerrypointed at another country. It was agreen country. ""Daddy, why is thiscountry green? Does it have a lot ofgrass? Did someone paint the groundgreen?"" Jerry pointed at anothercountry. It was a blue country. ""Daddy,why is this country blue? Is it full of bluewater? Does it have a lot of bluebirds?Did someone paint the ground blue?""His daddy said, ""No, the colors makethe map pretty. They don't meananything."""
92,"One day at school Harry pushed Scott.Scott pushed Harry back. Harrypunched Scott in the face. Scott wenthome with a bruise on his face. He hada red bruise on his face. His mom said,""Who did this to you? Who hit you?"" Hisdad asked, ""Did you hit him back? Ihope you hit him back. Don't be achicken. You must not be a chicken.""Scott said he had pushed Harry back.His dad told him to punch Harry nexttime. Scott went to school the next day.Harry pushed him to the floor. Scott gotup and punched Harry in the face. Harryfell down. His nose was bleeding. Ateacher walked by. He picked up Harryoff the floor. The teacher called Scott'sdad. ""Scott punched Harry,"" he said.""Harry's nose is bleeding."" Scott's dadsaid, ""That's my boy!"""
93,"Charley wanted to drive the car. ""Can Idrive the car, Dad?"" he asked. ""You candrive the car,"" his dad said. Charleyfollowed his dad out to the car. His dadopened the driver's door. ""You are thedriver,"" he said. Charley got into the car.His dad closed the driver's door. His dadwalked around the car. He opened thepassenger door. He sat next to Charley.He gave Charley the key. Charley putthe key into the ignition. Charley turnedthe key. The car started. Charley was soexcited. He turned the steering wheelleft. He turned the steering wheel right.Left, right, left, right. He honked thehorn. He honked the horn again. Honk!Honk! He turned on the left blinker. Heturned on the right blinker. Blink! Blink!He asked, ""Am I a good driver, Dad?""His dad said, ""Son, you're a very gooddriver."""
94,"It was Easter Sunday. Mom gave a littlebasket to Michelle. Mom told her to lookfor Easter eggs. The Easter eggs werein the back yard. ""What do Easter eggslook like?"" Michelle asked. Mom said,""They look just like regular eggs. Butthey are colored. They are red. They areblue. They are yellow. They are manydifferent colors."" ""Why are they red? Dothey come from red hens?"" Michelleasked. ""No,"" Mom said. ""They are redbecause Daddy and I colored them red.They are blue because we colored themblue. They are yellow because wecolored them yellow."" Michelle asked,""Why did you color the eggs?"" Momsaid, ""It's an Easter tradition. A traditionis something people do every year.""Michelle went into the back yard. Shefound six Easter eggs. ""Next year youcan help us color the eggs,"" Mom said.""Oh, yes!"" said Michelle."
95,"He and his brother slept in a bunk bed.He had the bottom bunk. His brotherhad the top bunk. The top bunk had aguard rail. The rail kept the sleeper safe.His brother didn't like the rail. He alwaysleft it down. One time his brother fell outof the top bunk. He hit the carpet andwoke up. He said, ""Ouch!"" Then heclimbed back into the top bunk. Whenhe woke up the next day, his back wassore. Mom took him to see the doctor.The doctor examined him. The doctorsaid he was okay. He said to keep theguard rail up. His brother said he woulddo that. That night his brother climbedinto the top bunk again. He left theguard rail down. He said the guard railwas like jail. He didn't want to feel likehe was in jail. He fell asleep. Then hefell out of the top bunk again."
96,"The big family lived in a one-bedroomapartment. Their apartment had onlyone bedroom. Mom and Dad slept in thebedroom. The two babies also slept inthe bedroom. Four people slept in thebedroom. Four children slept in theliving room. Two sisters slept in theliving room. Two brothers slept in theliving room. All four of them slept in theliving room. They slept on airmattresses. They leaned the airmattresses against the wall in thedaytime. They put the air mattresses onthe floor in the nighttime. They all likedto sleep on the air mattresses. But thegirls didn't like to sleep next to the boys.""Daddy, we don't like to sleep next tothe boys. We want our own bedroom.When will we get our own bedroom?""asked one girl. ""You'll get your ownbedroom when I get a better job,"" Daddysaid."
97,How high is up? Why is the sky blue?Do fish sleep? Where do babies comefrom? How do ships float? How doplanes stay in the air? Why are youlaughing? Why are you crying? Are wethere yet? What do I care? Who's there?Who's calling? Who's at the door?Where are you from? Where do youlive? Where is my pencil? Who won?Who lost? Who's playing? Do I knowyou? Have we met? What was yourname again? Do you have the time?What time is it? What day is it? What isthe date? How are you? How do youdo? What do you do? How old are you?How tall are you? How much do youweigh? Are you married? Do you haveany children? Do you love me? Can youhear me? Can you see me? What's thatsmell? What are you cooking? Can Iborrow your pencil? Can I borrow $5?What are you watching? What's on TV?
98,"A robin is a pretty bird. It has a redbreast. It has black wings. It sings apretty song. A crow is pretty, too. It iscompletely black. It is shiny black. Acrow is a big bird. It is a smart bird. It isa lazy bird. It watches people. Peoplehave food. They throw food into agarbage can. The crow flies down to thegarbage can. It walks around the edgeof the can. It looks for something tasty. Ithops into the can. It picks out a potatochip. It flies into a tree. It eats the potatochip. Then it flies back to the garbagecan. The robin sees the crow. The robinis hungry. It flies down to the garbagecan. The crow yells at the robin. It says,""Get out of here. This can is my can.""The robin flies back into the tree. Thecrow is a greedy bird. It doesn't like toshare with others."
99,"StudentsCindy's teacher was Mrs. Jones. Mrs.Jones was old. But she didn't walk slow.She walked fast. She didn't have whitehair. She had black hair. She wasn'tbent over. Her back was straight. All thestudents liked Mrs. Jones. Theyespecially liked her on Friday. On Fridayshe brought cookies to class. She gavecookies to all the students. The cookieswere delicious. All the students liked thecookies. All the students ate thecookies. Today was Friday. Mrs. Jonesgave cookies to all the students. All thestudents said thank you. Then they atethe cookies. But Cindy didn't eat hercookie. Mrs. Jones asked, ""Why aren'tyou eating your cookie, Cindy?"" Shesaid, ""I'm not eating my cookie becauseI will take it home. I will share it at homewith my sister."" Mrs. Jones said, ""You'reso sweet. Here's a cookie for yoursister."""
100,"Kenny was crying. ""Why are youcrying?"" Mom asked Kenny. ""The catscratched me,"" said Kenny. The cat hadscratched Kenny on his hand. Kennyshowed his hand to his mom. Thescratch didn't look too bad. It wasn't adeep scratch. Mom went to the kitchen.Kenny went with her. She turned on thewater. She put his hand under thewater. She washed the scratch withsoap. She rinsed off the soap. She tooka Band-Aid out of the kitchen cabinet.She put the Band-Aid on the scratch.She said he would be okay. ""Why didthe cat scratch you?"" she asked. Kennysaid he didn't know why the catscratched him. Just then, Kenny's littlesister walked into the kitchen. She knewwhy the cat scratched Kenny. ""I knowwhy Tiger scratched him, Mommy,"" shesaid. ""He was pulling Tiger's tail!"""
102,"It is December. That means it isChristmas time. Christmas time meansSanta Claus is coming. Sara and Billylove Christmas. They love Santa Claus.They love the gifts from Santa. Last yearthey got nice gifts. Sara got a teddy bearand a rubber duck. Billy got a greenboat and a rubber duck. The rubberducks float. When Sara takes a bath,her pink duck floats in the water. WhenBilly takes a bath, his blue duck floats inthe water. One time Billy put a goldfishinto the tub. It swam for a while. Then itdied. He buried it in the back yard. Hewas sad. This year Sara and Billy wantbicycles. Sara wants a red bike. Billywants a blue bike. Mama said she wouldtalk to daddy. Sara asked mama, ""Whydon't you talk to Santa?"" Mama said,""That's a good idea. When daddy comeshome, he and I will talk to Santa."""
103,"Present""What do you want for Christmas?""Daddy asked Anthony. Anthony wanteda little brother. ""Can I have a littlebrother for Christmas?"" Anthony asked.""Well, I'll have to talk to your mother,""said Daddy. ""Why do you have to talk toMommy?"" Anthony asked. ""Who's goingto change the diapers?"" Daddy asked.""You're right, Daddy. We need Mommyto change the diapers."" Mommy walkedinto the room. Anthony told Mommy thathe wanted a little brother for Christmas.Mommy said, ""Well, I'll have to talk toyour father."" ""Why do you have to talk toDaddy?"" Anthony asked. ""Who's goingto pay the doctor?"" asked Mommy.""You're right, Mommy. We need Daddyto pay the doctor."" Mommy and Daddywalked out of the room. A little later,they came back into the room. Mommysaid, ""You can't have a little brother forChristmas. But if you can wait, you canhave a little brother in April."""
104,"""Rex is very sick,"" Lucy's mom said. ""Ishe going to die?"" Lucy asked. ""Yes, I'mafraid so,"" mom said. ""I'm going to takehim to the vet."" Lucy wanted to goalong. ""Okay, but try not to cry, okay?""mom asked. Lucy said she wouldn't cry.Mom carried Rex out to the car. She puthim in the back seat. He was a little dog.He was 12 years old. He was the sameage as Lucy. They drove to the vet. Thevet looked at Rex. He said he could notdo anything for Rex. ""Rex is on his lastlegs,"" the vet said. He told mom shecould take Rex home and wait for him todie. Or the vet could simply put Rex tosleep. ""Let's put him to sleep,"" Lucysaid. ""That way he won't suffer."" Momsaid that was a good idea. They left Rexwith the vet. ""We can get another dogfor you if you want,"" mom told Lucy onthe way home. ""Can we get a kitteninstead?"" Lucy asked."
105,"Watching""Let's go to the beach, Daddy,"" Susansuggested. ""That sounds like a goodidea,"" her daddy replied. It was a hot,sunny day. The ocean was only twoblocks away. Susan went into her room.She put on her swimsuit. She grabbed abig beach towel. She put on a hat andgrabbed her sunglasses. She put on herflip-flops. ""I'm ready, Daddy,"" she said.""Do you have any sunscreen?"" heasked. ""No, I forgot. Where is it?"" sheasked. He told her it was in the topdrawer in the bathroom. She went intothe bathroom and opened the drawer.""I've got it,"" she said. They walkedoutside. The sun was bright. Susan puton her sunglasses. She loved to wearher sunglasses. They made her look likean adult. She gave the beach towel toher dad. She grabbed her dad's handand they started walking. Ten minuteslater they were at the beach. It wascrowded. Dad found a spot. He put thebeach towel on the sand. Susan took offher hat and sunglasses. She ran into thewater. Dad watched her play in thewater. She was having fun. Suddenly awave knocked her over. She went underwater. Dad ran into the water. He pulledher up. ""Daddy, I almost drowned,""Susan said. ""No, you didn't,"" he said.""That wave only knocked you over.Don't worry. I'm watching you."""
